,mae,mse,r2
deaths_all_pc_combined_vars,0.0770557740031186,0.6614770936746807,0.24039122035640748
deaths_all_pc_text_gdelt_vars,0.1049927042889341,0.8086416922466537,0.07139440671470387
deaths_all_pc_historical_vars,0.07840162244272532,0.6627416836823108,0.23893902544046708
f3_target_regr_combined_vars,0.08897640848910292,0.48009962834498243,0.19591704248410435
f3_target_regr_text_gdelt_vars,0.10314906124382403,0.5328567421099737,0.10755809871155375
f3_target_regr_historical_vars,0.09159618552250466,0.4863421009779069,0.18546199198927837
f6_target_regr_combined_vars,0.08730223163493635,0.35206552365173577,0.24319161270964362
f6_target_regr_text_gdelt_vars,0.10300420116805116,0.39930523007760454,0.14164402104146012
f6_target_regr_historical_vars,0.08993392105944881,0.3564818280024272,0.23369822029006548
