,mae,mse,r2
deaths_all_pc_combined_vars,0.07643051736065164,0.6555956008134952,0.247145246546413
deaths_all_pc_text_gdelt_vars,0.10457376617276833,0.8083788492222617,0.07169624312129375
deaths_all_pc_historical_vars,0.07842613284852551,0.6635370141826546,0.2380257057857782
f3_target_regr_combined_vars,0.0891602278757776,0.4799773782999633,0.1961217899405735
f3_target_regr_text_gdelt_vars,0.1026457603981157,0.5325812369115631,0.10801952176141671
f3_target_regr_historical_vars,0.09166764059667984,0.48689332200173285,0.18453879312613664
f6_target_regr_combined_vars,0.08747856890691598,0.35210758971233336,0.2431011865095707
f6_target_regr_text_gdelt_vars,0.10249068918733262,0.3989621140540343,0.14238159137143236
f6_target_regr_historical_vars,0.09001700067253693,0.357141181452167,0.23228085849963498
